{
  "timestamp": "2025-11-25T07:02:49.050Z",
  "database": "PostgreSQL",
  "results": [
    {
      "name": "Course List",
      "description": "Fetch active courses with instructor and enrollment count (Student dashboard)",
      "iterations": 10,
      "latencies": [
        581.0131769999998,
        576.499049,
        609.7832669999998,
        619.0499490000002,
        594.2840640000004,
        601.4672980000005,
        646.9143910000003,
        575.953587,
        682.7492989999992,
        579.2712150000007
      ],
      "p50": 594.2840640000004,
      "p95": 682.7492989999992,
      "p99": 682.7492989999992,
      "min": 575.953587,
      "max": 682.7492989999992,
      "avg": 606.6985296,
      "acceptable": false
    },
    {
      "name": "Gradebook",
      "description": "Fetch all grades for a course with student and assignment details (Instructor)",
      "iterations": 10,
      "latencies": [
        878.9059409999991,
        895.334562,
        987.5480669999997,
        885.2368040000001,
        930.3021690000005,
        889.1673559999981,
        1159.3273719999997,
        920.4353240000019,
        951.8855110000004,
        884.4627940000028
      ],
      "p50": 895.334562,
      "p95": 1159.3273719999997,
      "p99": 1159.3273719999997,
      "min": 878.9059409999991,
      "max": 1159.3273719999997,
      "avg": 938.2605900000002,
      "acceptable": false
    },
    {
      "name": "Assignment Detail",
      "description": "Fetch assignment with course and submissions (Student view)",
      "iterations": 10,
      "latencies": [
        893.1468270000005,
        892.007916999999,
        1229.1119230000004,
        2672.5612220000003,
        871.1297730000006,
        920.0630160000001,
        886.3377079999955,
        922.7734290000008,
        1248.8891430000003,
        932.0456219999978
      ],
      "p50": 920.0630160000001,
      "p95": 2672.5612220000003,
      "p99": 2672.5612220000003,
      "min": 871.1297730000006,
      "max": 2672.5612220000003,
      "avg": 1146.8066579999995,
      "acceptable": false
    },
    {
      "name": "Discussion Thread",
      "description": "Fetch discussions with nested posts and authors (3 levels)",
      "iterations": 10,
      "latencies": [
        1843.724685000001,
        1740.6723029999994,
        1729.9063549999992,
        1758.237377000005,
        1819.1381420000034,
        1886.0880869999964,
        2226.943017999998,
        1960.5753680000053,
        1851.4641639999973,
        1758.2979130000022
      ],
      "p50": 1819.1381420000034,
      "p95": 2226.943017999998,
      "p99": 2226.943017999998,
      "min": 1729.9063549999992,
      "max": 2226.943017999998,
      "avg": 1857.5047412000008,
      "acceptable": false
    },
    {
      "name": "User Enrollments",
      "description": "Fetch user enrollments with course details",
      "iterations": 10,
      "latencies": [
        879.5310239999963,
        873.0717030000014,
        877.4382179999957,
        976.8385920000001,
        912.7579579999947,
        862.5581440000024,
        1187.2698319999909,
        863.1063819999981,
        957.3997550000058,
        926.7093119999918
      ],
      "p50": 879.5310239999963,
      "p95": 1187.2698319999909,
      "p99": 1187.2698319999909,
      "min": 862.5581440000024,
      "max": 1187.2698319999909,
      "avg": 931.6680919999977,
      "acceptable": false
    },
    {
      "name": "Course Content",
      "description": "Fetch all content for a course ordered by index",
      "iterations": 10,
      "latencies": [
        282.8651269999973,
        286.49699300000793,
        429.3276860000042,
        284.1072520000016,
        280.8117970000021,
        305.44339700001,
        293.80003600000055,
        289.4092229999951,
        289.5984579999931,
        289.39858999999706
      ],
      "p50": 289.39858999999706,
      "p95": 429.3276860000042,
      "p99": 429.3276860000042,
      "min": 280.8117970000021,
      "max": 429.3276860000042,
      "avg": 303.1258559000009,
      "acceptable": false
    },
    {
      "name": "Announcements",
      "description": "Fetch recent announcements for a course with author",
      "iterations": 10,
      "latencies": [
        573.1286249999976,
        647.3087559999985,
        579.9741619999986,
        582.1138930000016,
        685.7339880000072,
        630.6415699999925,
        612.2424469999969,
        582.1268030000065,
        566.9029549999977,
        668.0951589999895
      ],
      "p50": 582.1268030000065,
      "p95": 685.7339880000072,
      "p99": 685.7339880000072,
      "min": 566.9029549999977,
      "max": 685.7339880000072,
      "avg": 612.8268357999987,
      "acceptable": false
    }
  ],
  "summary": {
    "totalQueries": 7,
    "passedQueries": 0,
    "failedQueries": 7,
    "overallP95": 2672.5612220000003,
    "overallAcceptable": false
  }
}